botanist_name,botanist_email,botanist_phone
Sherry Campbell,sherry.campbell@lnhm.co.uk,+1-662-659-8097x8928
Jacob Hernandez,jacob.hernandez@lnhm.co.uk,826-860-2780
Elizabeth Crawford,elizabeth.crawford@lnhm.co.uk,+1-222-509-7760x0558
Alan Grant,alan.grant@lnhm.co.uk,615-287-8920
Jennifer Blanchard,jennifer.blanchard@lnhm.co.uk,327-732-2111
Robert Walton,robert.walton@lnhm.co.uk,678-633-5125
Anna Davis,anna.davis@lnhm.co.uk,601-561-8163x5240
Virginia Phillips,virginia.phillips@lnhm.co.uk,827-300-2266
Melinda Spencer,melinda.spencer@lnhm.co.uk,242-257-5669x3173
James Brooks,james.brooks@lnhm.co.uk,+1-745-718-6720x493
Anthony Oconnell,anthony.oconnell@lnhm.co.uk,993-782-7225
Deborah Obrien,deborah.obrien@lnhm.co.uk,321-818-7487x25137
Joshua Jones,joshua.jones@lnhm.co.uk,+1-736-693-0793x86426
Alexis Kaufman,alexis.kaufman@lnhm.co.uk,356-716-8148x0222
Rebekah King,rebekah.king@lnhm.co.uk,638-372-7752x12887
James Underwood,james.underwood@lnhm.co.uk,+1-463-529-8946x478
John Rodriguez,john.rodriguez@lnhm.co.uk,382-420-0455x075
Jeffrey Sanchez,jeffrey.sanchez@lnhm.co.uk,422-581-7412
Angela Myers,angela.myers@lnhm.co.uk,383-816-3814
Andrew Gentry,andrew.gentry@lnhm.co.uk,+1-865-953-8002x162
Clarence Frazier,clarence.frazier@lnhm.co.uk,207-200-7842x16626
Laura Curtis,laura.curtis@lnhm.co.uk,382-979-3257x31313
Larry Coleman,larry.coleman@lnhm.co.uk,799-359-7652x4467
Sarah Hammond,sarah.hammond@lnhm.co.uk,214-495-2482
Paul Wells,paul.wells@lnhm.co.uk,363-797-6625
Katherine Hunt,katherine.hunt@lnhm.co.uk,+1-263-878-8630x362
Melissa Walker,melissa.walker@lnhm.co.uk,762-519-1584
Kathleen Alvarado,kathleen.alvarado@lnhm.co.uk,855-609-7979
Tara Shannon,tara.shannon@lnhm.co.uk,+1-212-276-0013x63686
Jessica Benson,jessica.benson@lnhm.co.uk,987-435-8129
Adam Norman,adam.norman@lnhm.co.uk,+1-769-826-0298
James Eaton,james.eaton@lnhm.co.uk,+1-992-447-3474
Tara Quinn,tara.quinn@lnhm.co.uk,726-719-8082
Jacob Santos,jacob.santos@lnhm.co.uk,462-367-2126
Regina Payne,regina.payne@lnhm.co.uk,400-246-5288x36436
Andrea Cook,andrea.cook@lnhm.co.uk,931-621-4485x063
Jimmy Rhodes,jimmy.rhodes@lnhm.co.uk,+1-477-347-7068
Briana Deleon,briana.deleon@lnhm.co.uk,605-468-2269x187
Charles Hall,charles.hall@lnhm.co.uk,712-610-5026
Dan Skinner,dan.skinner@lnhm.co.uk,361-810-9443
Ariel English,ariel.english@lnhm.co.uk,549-638-9648x56913
Amber Ross,amber.ross@lnhm.co.uk,768-410-3898x704
Casey Hayden,casey.hayden@lnhm.co.uk,+1-318-520-0734x47289
Amy Yu,amy.yu@lnhm.co.uk,606-477-9194
Donna Baxter,donna.baxter@lnhm.co.uk,899-415-2737x4627
Crystal Goodman,crystal.goodman@lnhm.co.uk,585-264-3806x2321
Gina Meyer,gina.meyer@lnhm.co.uk,+1-414-616-0457x430
