,plant_id,name,scientific_name,soil_moisture,temperature,recording_taken,last_watered,botanist_name,botanist_email,botanist_phone,origin_city,origin_country,origin_latitude,origin_longitude,image_license_url,image_original_url,image_thumbnail
0,1,Venus flytrap,,89.85263628934968,15.936212614156634,2026-01-27T16:11:45.352902,2026-01-27T13:12:19,Sherry Campbell,sherry.campbell@lnhm.co.uk,+1-662-659-8097x8928,Mitchellfurt,Suriname,81.2003535,7.815683,,,
1,2,Corpse flower,,91.66294245039683,13.595470030962387,2026-01-27T16:11:46.754014,2026-01-27T13:51:43,Jacob Hernandez,jacob.hernandez@lnhm.co.uk,8268602780,Lake Jill,United States Minor Outlying Islands,62.501933,-20.640567,,,
2,3,Rafflesia arnoldii,,95.34737376027397,13.955459880866202,2026-01-27T16:11:46.984021,2026-01-27T14:52:32,Elizabeth Crawford,elizabeth.crawford@lnhm.co.uk,001-222-509-7760x0558,Edwardsstad,New Zealand,-73.9289085,-106.786584,,,
3,4,,,,,,,,,,,,,,,,
4,5,Pitcher plant,Sarracenia catesbaei,93.39415347948952,16.83392622130165,2026-01-27T16:11:48.613637,2026-01-27T14:11:02,Jennifer Blanchard,jennifer.blanchard@lnhm.co.uk,327.732.2111,Lake Lydiaburgh,Pitcairn Islands,17.7169705,-17.829700,https://creativecommons.org/publicdomain/zero/1.0/,https://s3.us-central-1.wasabisys.com/perenual/image/upgrade_access.jpg?X-Amz-Content-Sha256=UNSIGNED-PAYLOAD&X-Amz-Algorithm=AWS4-HMAC-SHA256&X-Amz-Credential=0MPGHU7CIPXNPMVWMXUW%2F20260126%2Fus-central-1%2Fs3%2Faws4_request&X-Amz-Date=20260126T151227Z&X-Amz-SignedHeaders=host&X-Amz-Expires=3600&X-Amz-Signature=ed96f7e15a0d2a9fa432c04059ca302d3af1696b4253d4c75d226a48cfa0320c,https://s3.us-central-1.wasabisys.com/perenual/image/upgrade_access.jpg?X-Amz-Content-Sha256=UNSIGNED-PAYLOAD&X-Amz-Algorithm=AWS4-HMAC-SHA256&X-Amz-Credential=0MPGHU7CIPXNPMVWMXUW%2F20260126%2Fus-central-1%2Fs3%2Faws4_request&X-Amz-Date=20260126T151227Z&X-Amz-SignedHeaders=host&X-Amz-Expires=3600&X-Amz-Signature=ed96f7e15a0d2a9fa432c04059ca302d3af1696b4253d4c75d226a48cfa0320c
5,6,Wollemi pine,Wollemia nobilis,95.31765606860903,12.677873078145467,2026-01-27T16:11:50.013948,2026-01-27T14:48:48,Robert Walton,robert.walton@lnhm.co.uk,678.633.5125,South Thomas,Estonia,-65.203977,-124.152631,https://creativecommons.org/publicdomain/zero/1.0/,https://s3.us-central-1.wasabisys.com/perenual/image/upgrade_access.jpg?X-Amz-Content-Sha256=UNSIGNED-PAYLOAD&X-Amz-Algorithm=AWS4-HMAC-SHA256&X-Amz-Credential=0MPGHU7CIPXNPMVWMXUW%2F20260126%2Fus-central-1%2Fs3%2Faws4_request&X-Amz-Date=20260126T091509Z&X-Amz-SignedHeaders=host&X-Amz-Expires=3600&X-Amz-Signature=627c8c6ff072c0d15a3b1930f1357f231c3ec265e2ba4924b8dfeaa694689e63,https://s3.us-central-1.wasabisys.com/perenual/image/upgrade_access.jpg?X-Amz-Content-Sha256=UNSIGNED-PAYLOAD&X-Amz-Algorithm=AWS4-HMAC-SHA256&X-Amz-Credential=0MPGHU7CIPXNPMVWMXUW%2F20260126%2Fus-central-1%2Fs3%2Faws4_request&X-Amz-Date=20260126T091509Z&X-Amz-SignedHeaders=host&X-Amz-Expires=3600&X-Amz-Signature=627c8c6ff072c0d15a3b1930f1357f231c3ec265e2ba4924b8dfeaa694689e63
6,8,Bird of paradise,Heliconia schiedeana 'Fire and Ice',95.12603978715245,16.12969870084289,2026-01-27T16:11:50.540507,2026-01-27T14:47:07,Anna Davis,anna.davis@lnhm.co.uk,(601)561-8163x5240,South Tina,United Arab Emirates,-60.9363685,-152.763324,https://creativecommons.org/publicdomain/zero/1.0/,https://s3.us-central-1.wasabisys.com/perenual/image/upgrade_access.jpg?X-Amz-Content-Sha256=UNSIGNED-PAYLOAD&X-Amz-Algorithm=AWS4-HMAC-SHA256&X-Amz-Credential=0MPGHU7CIPXNPMVWMXUW%2F20260123%2Fus-central-1%2Fs3%2Faws4_request&X-Amz-Date=20260123T173029Z&X-Amz-SignedHeaders=host&X-Amz-Expires=3600&X-Amz-Signature=673717c1b427e7c47d0c69218154fd52b34f6c6c052c738468264a4d44d92402,https://s3.us-central-1.wasabisys.com/perenual/image/upgrade_access.jpg?X-Amz-Content-Sha256=UNSIGNED-PAYLOAD&X-Amz-Algorithm=AWS4-HMAC-SHA256&X-Amz-Credential=0MPGHU7CIPXNPMVWMXUW%2F20260123%2Fus-central-1%2Fs3%2Faws4_request&X-Amz-Date=20260123T173029Z&X-Amz-SignedHeaders=host&X-Amz-Expires=3600&X-Amz-Signature=673717c1b427e7c47d0c69218154fd52b34f6c6c052c738468264a4d44d92402
7,9,Cactus,Pereskia grandifolia,94.56279532720232,15.466882099770753,2026-01-27T16:11:51.632431,2026-01-27T14:38:15,Virginia Phillips,virginia.phillips@lnhm.co.uk,8273002266,Gambleshire,Nauru,-42.9962205,-123.053507,https://creativecommons.org/publicdomain/zero/1.0/,https://s3.us-central-1.wasabisys.com/perenual/image/upgrade_access.jpg?X-Amz-Content-Sha256=UNSIGNED-PAYLOAD&X-Amz-Algorithm=AWS4-HMAC-SHA256&X-Amz-Credential=0MPGHU7CIPXNPMVWMXUW%2F20260126%2Fus-central-1%2Fs3%2Faws4_request&X-Amz-Date=20260126T091026Z&X-Amz-SignedHeaders=host&X-Amz-Expires=3600&X-Amz-Signature=7cea33139ebb74f7ce797617a9e46790fd5da529ae966885b3f5700f9ad579f8,https://s3.us-central-1.wasabisys.com/perenual/image/upgrade_access.jpg?X-Amz-Content-Sha256=UNSIGNED-PAYLOAD&X-Amz-Algorithm=AWS4-HMAC-SHA256&X-Amz-Credential=0MPGHU7CIPXNPMVWMXUW%2F20260126%2Fus-central-1%2Fs3%2Faws4_request&X-Amz-Date=20260126T091026Z&X-Amz-SignedHeaders=host&X-Amz-Expires=3600&X-Amz-Signature=7cea33139ebb74f7ce797617a9e46790fd5da529ae966885b3f5700f9ad579f8
8,10,Dragon tree,,90.10995758248848,17.303013498685488,2026-01-27T16:11:52.696027,2026-01-27T13:13:02,Melinda Spencer,melinda.spencer@lnhm.co.uk,(242)257-5669x3173,Stevensberg,Hungary,-82.3459075,-13.080896,,,
9,11,Asclepias Curassavica,Asclepias curassavica,89.28616473352999,16.054593036154106,2026-01-27T16:11:53.970470,2026-01-27T13:10:18,James Brooks,james.brooks@lnhm.co.uk,001-745-718-6720x493,Flowersberg,United Kingdom,-72.9649155,127.183588,https://creativecommons.org/licenses/by/2.0/,https://s3.us-central-1.wasabisys.com/perenual/species_image/1007_asclepias_curassavica/og/51757177616_7ca0baaa87_b.jpg?X-Amz-Content-Sha256=UNSIGNED-PAYLOAD&X-Amz-Algorithm=AWS4-HMAC-SHA256&X-Amz-Credential=0MPGHU7CIPXNPMVWMXUW%2F20260126%2Fus-central-1%2Fs3%2Faws4_request&X-Amz-Date=20260126T151651Z&X-Amz-SignedHeaders=host&X-Amz-Expires=86400&X-Amz-Signature=9467e971cad38eb6c3befd458e03ab95fcc0878d30d492304564ecfdfe1f759e,https://s3.us-central-1.wasabisys.com/perenual/species_image/1007_asclepias_curassavica/thumbnail/51757177616_7ca0baaa87_b.jpg?X-Amz-Content-Sha256=UNSIGNED-PAYLOAD&X-Amz-Algorithm=AWS4-HMAC-SHA256&X-Amz-Credential=0MPGHU7CIPXNPMVWMXUW%2F20260126%2Fus-central-1%2Fs3%2Faws4_request&X-Amz-Date=20260126T151651Z&X-Amz-SignedHeaders=host&X-Amz-Expires=86400&X-Amz-Signature=c8c4bd0bc461e065c313a54fcb10bacee520135451ff363a605c3175309a26b4
10,12,Brugmansia X Candida,,90.52739664864865,14.823717922889243,2026-01-27T16:11:55.103400,2026-01-27T13:22:31,Anthony Oconnell,anthony.oconnell@lnhm.co.uk,(993)782-7225,Gomezmouth,Belgium,-40.5645435,83.998008,,,
11,13,Canna ‘Striata’,,94.21873516996047,14.585747601273122,2026-01-27T16:11:56.640012,2026-01-27T14:34:26,Deborah Obrien,deborah.obrien@lnhm.co.uk,321-818-7487x25137,Millerton,Cyprus,-32.9029575,-146.302804,,,
12,14,Colocasia Esculenta,Colocasia esculenta,90.2772932972441,15.739024486457078,2026-01-27T16:11:57.270013,2026-01-27T13:27:19,Joshua Jones,joshua.jones@lnhm.co.uk,+1-736-693-0793x86426,Watsontown,Nicaragua,-18.6871435,57.450992,https://creativecommons.org/licenses/by/2.0/,https://s3.us-central-1.wasabisys.com/perenual/species_image/2015_colocasia_esculenta/og/24325097844_14719030a3_b.jpg?X-Amz-Content-Sha256=UNSIGNED-PAYLOAD&X-Amz-Algorithm=AWS4-HMAC-SHA256&X-Amz-Credential=0MPGHU7CIPXNPMVWMXUW%2F20260126%2Fus-central-1%2Fs3%2Faws4_request&X-Amz-Date=20260126T095523Z&X-Amz-SignedHeaders=host&X-Amz-Expires=86400&X-Amz-Signature=2deb7c1a3930dee9ccc962f852eb837e9ada930f22773f7779beb24d1c96580c,https://s3.us-central-1.wasabisys.com/perenual/species_image/2015_colocasia_esculenta/thumbnail/24325097844_14719030a3_b.jpg?X-Amz-Content-Sha256=UNSIGNED-PAYLOAD&X-Amz-Algorithm=AWS4-HMAC-SHA256&X-Amz-Credential=0MPGHU7CIPXNPMVWMXUW%2F20260126%2Fus-central-1%2Fs3%2Faws4_request&X-Amz-Date=20260126T095523Z&X-Amz-SignedHeaders=host&X-Amz-Expires=86400&X-Amz-Signature=f4579055e3d23a63a294faa87333e48a508ed2e657ed6fb4de38b2faf07bdbc6
13,15,Cuphea ‘David Verity’,,90.71026257296768,12.784005590276413,2026-01-27T16:11:58.821917,2026-01-27T13:33:54,Alexis Kaufman,alexis.kaufman@lnhm.co.uk,(356)716-8148x0222,Leeville,Cayman Islands,-62.5511245,-161.813034,,,
14,16,Euphorbia Cotinifolia,Euphorbia cotinifolia,84.95702205142857,14.961017014706183,2026-01-27T16:12:00.084568,2026-01-27T13:16:30,Rebekah King,rebekah.king@lnhm.co.uk,(638)372-7752x12887,West Melanie,Niue,64.383879,92.902187,https://creativecommons.org/licenses/by-sa/2.0/,https://s3.us-central-1.wasabisys.com/perenual/species_image/2868_euphorbia_cotinifolia/og/51952243235_061102bd05_b.jpg?X-Amz-Content-Sha256=UNSIGNED-PAYLOAD&X-Amz-Algorithm=AWS4-HMAC-SHA256&X-Amz-Credential=0MPGHU7CIPXNPMVWMXUW%2F20260126%2Fus-central-1%2Fs3%2Faws4_request&X-Amz-Date=20260126T151052Z&X-Amz-SignedHeaders=host&X-Amz-Expires=86400&X-Amz-Signature=4564659a74b77120262ef76e6f36964d641bfdfee27cedb2511715dc6d0e9697,https://s3.us-central-1.wasabisys.com/perenual/species_image/2868_euphorbia_cotinifolia/thumbnail/51952243235_061102bd05_b.jpg?X-Amz-Content-Sha256=UNSIGNED-PAYLOAD&X-Amz-Algorithm=AWS4-HMAC-SHA256&X-Amz-Credential=0MPGHU7CIPXNPMVWMXUW%2F20260126%2Fus-central-1%2Fs3%2Faws4_request&X-Amz-Date=20260126T151052Z&X-Amz-SignedHeaders=host&X-Amz-Expires=86400&X-Amz-Signature=93bf7de72460904d7ce213c1488ec22099233c449c5317338dc7386b2e52a9f2
15,17,Ipomoea Batatas,Ipomoea batatas,93.190787093,14.216900531723061,2026-01-27T16:12:01.212911,2026-01-27T14:18:32,James Underwood,james.underwood@lnhm.co.uk,+1-463-529-8946x478,Leebury,Swaziland,2.146164,56.967894,https://creativecommons.org/publicdomain/zero/1.0/,https://s3.us-central-1.wasabisys.com/perenual/image/upgrade_access.jpg?X-Amz-Content-Sha256=UNSIGNED-PAYLOAD&X-Amz-Algorithm=AWS4-HMAC-SHA256&X-Amz-Credential=0MPGHU7CIPXNPMVWMXUW%2F20260126%2Fus-central-1%2Fs3%2Faws4_request&X-Amz-Date=20260126T091529Z&X-Amz-SignedHeaders=host&X-Amz-Expires=3600&X-Amz-Signature=527077226627cc6bbb414f7c94d3208c7f308c0f06fffb83c26e96d5e792a7de,https://s3.us-central-1.wasabisys.com/perenual/image/upgrade_access.jpg?X-Amz-Content-Sha256=UNSIGNED-PAYLOAD&X-Amz-Algorithm=AWS4-HMAC-SHA256&X-Amz-Credential=0MPGHU7CIPXNPMVWMXUW%2F20260126%2Fus-central-1%2Fs3%2Faws4_request&X-Amz-Date=20260126T091529Z&X-Amz-SignedHeaders=host&X-Amz-Expires=3600&X-Amz-Signature=527077226627cc6bbb414f7c94d3208c7f308c0f06fffb83c26e96d5e792a7de
16,18,Manihot Esculenta ‘Variegata’,,94.41476927968597,15.935503562344309,2026-01-27T16:12:01.350108,2026-01-27T14:37:10,Daniel Coffey,daniel.coffey@lnhm.co.uk,5922020840,Lake Tyler,Israel,-39.502295,-0.109342,,,
17,19,Musa Basjoo,Musa basjoo,95.28908213757116,15.214005962662258,2026-01-27T16:12:02.307432,2026-01-27T14:49:17,John Rodriguez,john.rodriguez@lnhm.co.uk,(382)420-0455x075,Gonzalezhaven,Congo,-67.269697,102.225776,https://creativecommons.org/publicdomain/zero/1.0/,https://s3.us-central-1.wasabisys.com/perenual/image/upgrade_access.jpg?X-Amz-Content-Sha256=UNSIGNED-PAYLOAD&X-Amz-Algorithm=AWS4-HMAC-SHA256&X-Amz-Credential=0MPGHU7CIPXNPMVWMXUW%2F20260126%2Fus-central-1%2Fs3%2Faws4_request&X-Amz-Date=20260126T151057Z&X-Amz-SignedHeaders=host&X-Amz-Expires=3600&X-Amz-Signature=aaec028d108c33dfd2161bd9743b77044ef534fda7c5f631d92288a2227306fd,https://s3.us-central-1.wasabisys.com/perenual/image/upgrade_access.jpg?X-Amz-Content-Sha256=UNSIGNED-PAYLOAD&X-Amz-Algorithm=AWS4-HMAC-SHA256&X-Amz-Credential=0MPGHU7CIPXNPMVWMXUW%2F20260126%2Fus-central-1%2Fs3%2Faws4_request&X-Amz-Date=20260126T151057Z&X-Amz-SignedHeaders=host&X-Amz-Expires=3600&X-Amz-Signature=aaec028d108c33dfd2161bd9743b77044ef534fda7c5f631d92288a2227306fd
18,20,Salvia Splendens,Salvia splendens,94.29286633146592,15.871055192463938,2026-01-27T16:12:03.340163,2026-01-27T14:30:11,Jeffrey Sanchez,jeffrey.sanchez@lnhm.co.uk,4225817412,New Yolanda,Morocco,-23.4958555,-16.242039,https://creativecommons.org/publicdomain/zero/1.0/,https://s3.us-central-1.wasabisys.com/perenual/image/upgrade_access.jpg?X-Amz-Content-Sha256=UNSIGNED-PAYLOAD&X-Amz-Algorithm=AWS4-HMAC-SHA256&X-Amz-Credential=0MPGHU7CIPXNPMVWMXUW%2F20260126%2Fus-central-1%2Fs3%2Faws4_request&X-Amz-Date=20260126T151059Z&X-Amz-SignedHeaders=host&X-Amz-Expires=3600&X-Amz-Signature=daf3709d1d753bd23f05633c991463e52745f3433e6a3e7b0a182008278e160a,https://s3.us-central-1.wasabisys.com/perenual/image/upgrade_access.jpg?X-Amz-Content-Sha256=UNSIGNED-PAYLOAD&X-Amz-Algorithm=AWS4-HMAC-SHA256&X-Amz-Credential=0MPGHU7CIPXNPMVWMXUW%2F20260126%2Fus-central-1%2Fs3%2Faws4_request&X-Amz-Date=20260126T151059Z&X-Amz-SignedHeaders=host&X-Amz-Expires=3600&X-Amz-Signature=daf3709d1d753bd23f05633c991463e52745f3433e6a3e7b0a182008278e160a
19,21,Anthurium,Anthurium andraeanum,95.43832543906977,14.951979819939906,2026-01-27T16:12:03.800157,2026-01-27T14:50:20,Angela Myers,angela.myers@lnhm.co.uk,3838163814,West Kevinburgh,Macao,-69.5795405,-54.074219,https://creativecommons.org/licenses/by-sa/2.0/,https://s3.us-central-1.wasabisys.com/perenual/species_image/855_anthurium_andraeanum/og/49388458462_0ef650db39_b.jpg?X-Amz-Content-Sha256=UNSIGNED-PAYLOAD&X-Amz-Algorithm=AWS4-HMAC-SHA256&X-Amz-Credential=0MPGHU7CIPXNPMVWMXUW%2F20260126%2Fus-central-1%2Fs3%2Faws4_request&X-Amz-Date=20260126T151702Z&X-Amz-SignedHeaders=host&X-Amz-Expires=86400&X-Amz-Signature=9c9bc51976c550cd4110d24ff70ef0aaf7a62d93495cb82fcf6d78808f2679d7,https://s3.us-central-1.wasabisys.com/perenual/species_image/855_anthurium_andraeanum/thumbnail/49388458462_0ef650db39_b.jpg?X-Amz-Content-Sha256=UNSIGNED-PAYLOAD&X-Amz-Algorithm=AWS4-HMAC-SHA256&X-Amz-Credential=0MPGHU7CIPXNPMVWMXUW%2F20260126%2Fus-central-1%2Fs3%2Faws4_request&X-Amz-Date=20260126T151702Z&X-Amz-SignedHeaders=host&X-Amz-Expires=86400&X-Amz-Signature=542cf8d19627f36b8bce5914a107314d4cbb7c0c740e9cc069ad620d6c93d9fd
20,22,Bird of Paradise,Heliconia schiedeana 'Fire and Ice',94.22209667430279,14.808872123792133,2026-01-27T16:12:05.014943,2026-01-27T14:35:24,Andrew Gentry,andrew.gentry@lnhm.co.uk,+1-865-953-8002x162,East Rebecca,Angola,-34.9328045,150.371647,https://creativecommons.org/publicdomain/zero/1.0/,https://s3.us-central-1.wasabisys.com/perenual/image/upgrade_access.jpg?X-Amz-Content-Sha256=UNSIGNED-PAYLOAD&X-Amz-Algorithm=AWS4-HMAC-SHA256&X-Amz-Credential=0MPGHU7CIPXNPMVWMXUW%2F20260126%2Fus-central-1%2Fs3%2Faws4_request&X-Amz-Date=20260126T151244Z&X-Amz-SignedHeaders=host&X-Amz-Expires=3600&X-Amz-Signature=562927637750e630713f9ad7376f92fd3e6bd7e67d5c26547cd3de6043d96ed2,https://s3.us-central-1.wasabisys.com/perenual/image/upgrade_access.jpg?X-Amz-Content-Sha256=UNSIGNED-PAYLOAD&X-Amz-Algorithm=AWS4-HMAC-SHA256&X-Amz-Credential=0MPGHU7CIPXNPMVWMXUW%2F20260126%2Fus-central-1%2Fs3%2Faws4_request&X-Amz-Date=20260126T151244Z&X-Amz-SignedHeaders=host&X-Amz-Expires=3600&X-Amz-Signature=562927637750e630713f9ad7376f92fd3e6bd7e67d5c26547cd3de6043d96ed2
21,23,Cordyline Fruticosa,Cordyline fruticosa,94.30954928861004,12.640368640799103,2026-01-27T16:12:05.306943,2026-01-27T14:33:50,Clarence Frazier,clarence.frazier@lnhm.co.uk,(207)200-7842x16626,Mortonborough,Luxembourg,-31.6079135,-83.850347,https://creativecommons.org/licenses/by-sa/3.0/deed.en,https://s3.us-central-1.wasabisys.com/perenual/species_image/2045_cordyline_fruticosa/og/2560px-Cordyline_fruticosa_Rubra_1.jpg?X-Amz-Content-Sha256=UNSIGNED-PAYLOAD&X-Amz-Algorithm=AWS4-HMAC-SHA256&X-Amz-Credential=0MPGHU7CIPXNPMVWMXUW%2F20260126%2Fus-central-1%2Fs3%2Faws4_request&X-Amz-Date=20260126T151246Z&X-Amz-SignedHeaders=host&X-Amz-Expires=86400&X-Amz-Signature=58c29c38d97f98b0e8a9ae71afddb475d435b08a0e68c9e6754456417dc519f0,https://s3.us-central-1.wasabisys.com/perenual/species_image/2045_cordyline_fruticosa/thumbnail/2560px-Cordyline_fruticosa_Rubra_1.jpg?X-Amz-Content-Sha256=UNSIGNED-PAYLOAD&X-Amz-Algorithm=AWS4-HMAC-SHA256&X-Amz-Credential=0MPGHU7CIPXNPMVWMXUW%2F20260126%2Fus-central-1%2Fs3%2Faws4_request&X-Amz-Date=20260126T151246Z&X-Amz-SignedHeaders=host&X-Amz-Expires=86400&X-Amz-Signature=efb2a04ab36557df3212fd1adfaf010b547b36ba86c0004a1f0c307e6f891273
22,24,Ficus,Ficus carica,92.6385785193214,12.427380949088258,2026-01-27T16:12:06.468196,2026-01-27T14:01:56,Laura Curtis,laura.curtis@lnhm.co.uk,(382)979-3257x31313,Lake Alexandraside,Chile,41.085675,-4.167175,https://creativecommons.org/licenses/by/2.0/,https://s3.us-central-1.wasabisys.com/perenual/species_image/288_ficus_carica/og/52377169610_b7a247a378_b.jpg?X-Amz-Content-Sha256=UNSIGNED-PAYLOAD&X-Amz-Algorithm=AWS4-HMAC-SHA256&X-Amz-Credential=0MPGHU7CIPXNPMVWMXUW%2F20260126%2Fus-central-1%2Fs3%2Faws4_request&X-Amz-Date=20260126T151105Z&X-Amz-SignedHeaders=host&X-Amz-Expires=86400&X-Amz-Signature=6b1568f9896439517a2bdf81e657143d7b88220a713ca8f63c4eadf82dc6246c,https://s3.us-central-1.wasabisys.com/perenual/species_image/288_ficus_carica/thumbnail/52377169610_b7a247a378_b.jpg?X-Amz-Content-Sha256=UNSIGNED-PAYLOAD&X-Amz-Algorithm=AWS4-HMAC-SHA256&X-Amz-Credential=0MPGHU7CIPXNPMVWMXUW%2F20260126%2Fus-central-1%2Fs3%2Faws4_request&X-Amz-Date=20260126T151105Z&X-Amz-SignedHeaders=host&X-Amz-Expires=86400&X-Amz-Signature=3493e4b14f71103dd3d7ec6e5db77bd41607c2d66f625b16be5f981f1d27ab75
23,25,Palm Trees,,91.39108318399263,16.533238480736948,2026-01-27T16:12:06.892583,2026-01-27T13:36:09,Larry Coleman,larry.coleman@lnhm.co.uk,(799)359-7652x4467,Farmerberg,Isle of Man,76.6820215,164.980551,,,
24,26,,,,,,,,,,,,,,,,
25,27,Spathiphyllum,Spathiphyllum (group),90.58332745689655,15.916227246124405,2026-01-27T16:12:08.006140,2026-01-27T13:28:17,Paul Wells,paul.wells@lnhm.co.uk,363.797.6625,Ruizmouth,Niger,21.876417,-31.458582,https://creativecommons.org/publicdomain/zero/1.0/,https://s3.us-central-1.wasabisys.com/perenual/image/upgrade_access.jpg?X-Amz-Content-Sha256=UNSIGNED-PAYLOAD&X-Amz-Algorithm=AWS4-HMAC-SHA256&X-Amz-Credential=0MPGHU7CIPXNPMVWMXUW%2F20260126%2Fus-central-1%2Fs3%2Faws4_request&X-Amz-Date=20260126T151252Z&X-Amz-SignedHeaders=host&X-Amz-Expires=3600&X-Amz-Signature=1b4025381f206147a8471d9939e2aa1d88026446965c610c309f5c844f752016,https://s3.us-central-1.wasabisys.com/perenual/image/upgrade_access.jpg?X-Amz-Content-Sha256=UNSIGNED-PAYLOAD&X-Amz-Algorithm=AWS4-HMAC-SHA256&X-Amz-Credential=0MPGHU7CIPXNPMVWMXUW%2F20260126%2Fus-central-1%2Fs3%2Faws4_request&X-Amz-Date=20260126T151252Z&X-Amz-SignedHeaders=host&X-Amz-Expires=3600&X-Amz-Signature=1b4025381f206147a8471d9939e2aa1d88026446965c610c309f5c844f752016
26,28,Croton,Codiaeum variegatum,89.98902350096154,14.250496043800808,2026-01-27T16:12:09.415563,2026-01-27T13:18:38,Katherine Hunt,katherine.hunt@lnhm.co.uk,+1-263-878-8630x362,Mallorymouth,Cocos (Keeling) Islands,9.707351,72.816634,https://creativecommons.org/licenses/by/2.0/,https://s3.us-central-1.wasabisys.com/perenual/species_image/1999_codiaeum_variegatum/og/29041866364_2c535b2297_b.jpg?X-Amz-Content-Sha256=UNSIGNED-PAYLOAD&X-Amz-Algorithm=AWS4-HMAC-SHA256&X-Amz-Credential=0MPGHU7CIPXNPMVWMXUW%2F20260126%2Fus-central-1%2Fs3%2Faws4_request&X-Amz-Date=20260126T151711Z&X-Amz-SignedHeaders=host&X-Amz-Expires=86400&X-Amz-Signature=61e905be1938e28b0cbf4e09a31b1f84199ec53e4b53a690c1e26a9c73a0b710,https://s3.us-central-1.wasabisys.com/perenual/species_image/1999_codiaeum_variegatum/thumbnail/29041866364_2c535b2297_b.jpg?X-Amz-Content-Sha256=UNSIGNED-PAYLOAD&X-Amz-Algorithm=AWS4-HMAC-SHA256&X-Amz-Credential=0MPGHU7CIPXNPMVWMXUW%2F20260126%2Fus-central-1%2Fs3%2Faws4_request&X-Amz-Date=20260126T151711Z&X-Amz-SignedHeaders=host&X-Amz-Expires=86400&X-Amz-Signature=448930d44c990cbdb7b78d8c41b46570085ce611f20c116fce76825e968e3e59
27,29,Aloe Vera,Aloe vera,92.6736087247619,12.231436824986542,2026-01-27T16:12:10.710843,2026-01-27T14:03:58,Melissa Walker,melissa.walker@lnhm.co.uk,(762)519-1584,West Jacobfort,Djibouti,36.0357895,148.718821,https://creativecommons.org/licenses/by-sa/2.0/,https://s3.us-central-1.wasabisys.com/perenual/species_image/728_aloe_vera/og/52619084582_6ebcfe6a74_b.jpg?X-Amz-Content-Sha256=UNSIGNED-PAYLOAD&X-Amz-Algorithm=AWS4-HMAC-SHA256&X-Amz-Credential=0MPGHU7CIPXNPMVWMXUW%2F20260126%2Fus-central-1%2Fs3%2Faws4_request&X-Amz-Date=20260126T091600Z&X-Amz-SignedHeaders=host&X-Amz-Expires=86400&X-Amz-Signature=010188d776da4cf812189c504a080fe79f895fb8b9838390a8965ff136b688c0,https://s3.us-central-1.wasabisys.com/perenual/species_image/728_aloe_vera/thumbnail/52619084582_6ebcfe6a74_b.jpg?X-Amz-Content-Sha256=UNSIGNED-PAYLOAD&X-Amz-Algorithm=AWS4-HMAC-SHA256&X-Amz-Credential=0MPGHU7CIPXNPMVWMXUW%2F20260126%2Fus-central-1%2Fs3%2Faws4_request&X-Amz-Date=20260126T091600Z&X-Amz-SignedHeaders=host&X-Amz-Expires=86400&X-Amz-Signature=c56d708e00ed27bdb954713c526f05c3a2c186dc9c5cb2de421a7bfc473a1679
28,30,Ficus Elastica,Ficus elastica,89.28348744682836,13.999425788723203,2026-01-27T16:12:11.101460,2026-01-27T13:00:43,Kathleen Alvarado,kathleen.alvarado@lnhm.co.uk,855.609.7979,Lake Nicolefort,Greece,47.3941165,-24.434894,https://creativecommons.org/licenses/by-sa/2.0/,https://s3.us-central-1.wasabisys.com/perenual/species_image/2961_ficus_elastica/og/533092219_8da73ba0d2_b.jpg?X-Amz-Content-Sha256=UNSIGNED-PAYLOAD&X-Amz-Algorithm=AWS4-HMAC-SHA256&X-Amz-Credential=0MPGHU7CIPXNPMVWMXUW%2F20260126%2Fus-central-1%2Fs3%2Faws4_request&X-Amz-Date=20260126T144845Z&X-Amz-SignedHeaders=host&X-Amz-Expires=86400&X-Amz-Signature=b8a20061d694c394cc87704d9fb6d28ce14626444fcc8e171b4c6c29158f7c14,https://s3.us-central-1.wasabisys.com/perenual/species_image/2961_ficus_elastica/thumbnail/533092219_8da73ba0d2_b.jpg?X-Amz-Content-Sha256=UNSIGNED-PAYLOAD&X-Amz-Algorithm=AWS4-HMAC-SHA256&X-Amz-Credential=0MPGHU7CIPXNPMVWMXUW%2F20260126%2Fus-central-1%2Fs3%2Faws4_request&X-Amz-Date=20260126T144845Z&X-Amz-SignedHeaders=host&X-Amz-Expires=86400&X-Amz-Signature=e252e5d9cc304492436b33f8b7d195118ad1239d1df3909e0d657cfab0ab00bd
29,31,Sansevieria Trifasciata,Sansevieria trifasciata,94.74724320517929,15.195759932536603,2026-01-27T16:12:11.767827,2026-01-27T14:44:18,Tara Shannon,tara.shannon@lnhm.co.uk,001-212-276-0013x63686,South Haley,China,-54.5020945,-127.026269,https://creativecommons.org/publicdomain/zero/1.0/,https://s3.us-central-1.wasabisys.com/perenual/image/upgrade_access.jpg?X-Amz-Content-Sha256=UNSIGNED-PAYLOAD&X-Amz-Algorithm=AWS4-HMAC-SHA256&X-Amz-Credential=0MPGHU7CIPXNPMVWMXUW%2F20260126%2Fus-central-1%2Fs3%2Faws4_request&X-Amz-Date=20260126T151116Z&X-Amz-SignedHeaders=host&X-Amz-Expires=3600&X-Amz-Signature=2edd7ec9287bef60b4fccbb67940fc7323d2e661ebda96a706fb32bd78b82e55,https://s3.us-central-1.wasabisys.com/perenual/image/upgrade_access.jpg?X-Amz-Content-Sha256=UNSIGNED-PAYLOAD&X-Amz-Algorithm=AWS4-HMAC-SHA256&X-Amz-Credential=0MPGHU7CIPXNPMVWMXUW%2F20260126%2Fus-central-1%2Fs3%2Faws4_request&X-Amz-Date=20260126T151116Z&X-Amz-SignedHeaders=host&X-Amz-Expires=3600&X-Amz-Signature=2edd7ec9287bef60b4fccbb67940fc7323d2e661ebda96a706fb32bd78b82e55
30,32,Philodendron Hederaceum,Philodendron hederaceum,94.60202406307978,22.87975071220928,2026-01-27T16:12:12.018065,2026-01-27T14:35:13,Jessica Benson,jessica.benson@lnhm.co.uk,(987)435-8129,Joanmouth,Armenia,-35.3487675,-80.319921,https://creativecommons.org/publicdomain/zero/1.0/,https://s3.us-central-1.wasabisys.com/perenual/image/upgrade_access.jpg?X-Amz-Content-Sha256=UNSIGNED-PAYLOAD&X-Amz-Algorithm=AWS4-HMAC-SHA256&X-Amz-Credential=0MPGHU7CIPXNPMVWMXUW%2F20260126%2Fus-central-1%2Fs3%2Faws4_request&X-Amz-Date=20260126T151323Z&X-Amz-SignedHeaders=host&X-Amz-Expires=3600&X-Amz-Signature=e10dd126b75e49184cfcfb5415ad5f3786c0a1c46ac7bc2eec5d3c80eebc3010,https://s3.us-central-1.wasabisys.com/perenual/image/upgrade_access.jpg?X-Amz-Content-Sha256=UNSIGNED-PAYLOAD&X-Amz-Algorithm=AWS4-HMAC-SHA256&X-Amz-Credential=0MPGHU7CIPXNPMVWMXUW%2F20260126%2Fus-central-1%2Fs3%2Faws4_request&X-Amz-Date=20260126T151323Z&X-Amz-SignedHeaders=host&X-Amz-Expires=3600&X-Amz-Signature=e10dd126b75e49184cfcfb5415ad5f3786c0a1c46ac7bc2eec5d3c80eebc3010
31,33,Schefflera Arboricola,Schefflera arboricola,89.72313774238228,13.995943834080334,2026-01-27T16:12:12.841829,2026-01-27T13:06:43,Adam Norman,adam.norman@lnhm.co.uk,001-769-826-0298,New Thomastown,Ethiopia,23.490859,-19.275947,https://creativecommons.org/publicdomain/zero/1.0/,https://s3.us-central-1.wasabisys.com/perenual/image/upgrade_access.jpg?X-Amz-Content-Sha256=UNSIGNED-PAYLOAD&X-Amz-Algorithm=AWS4-HMAC-SHA256&X-Amz-Credential=0MPGHU7CIPXNPMVWMXUW%2F20260126%2Fus-central-1%2Fs3%2Faws4_request&X-Amz-Date=20260126T155820Z&X-Amz-SignedHeaders=host&X-Amz-Expires=3600&X-Amz-Signature=e4e24c59400032701cbf567d663b42a6197d307081978c6e3a1bc23edfd1baf5,https://s3.us-central-1.wasabisys.com/perenual/image/upgrade_access.jpg?X-Amz-Content-Sha256=UNSIGNED-PAYLOAD&X-Amz-Algorithm=AWS4-HMAC-SHA256&X-Amz-Credential=0MPGHU7CIPXNPMVWMXUW%2F20260126%2Fus-central-1%2Fs3%2Faws4_request&X-Amz-Date=20260126T155820Z&X-Amz-SignedHeaders=host&X-Amz-Expires=3600&X-Amz-Signature=e4e24c59400032701cbf567d663b42a6197d307081978c6e3a1bc23edfd1baf5
32,34,Aglaonema Commutatum,Aglaonema commutatum,88.96067531765834,15.077024071694947,2026-01-27T16:12:12.976324,2026-01-27T13:00:30,James Eaton,james.eaton@lnhm.co.uk,+1-992-447-3474,Michaelborough,Bouvet Island (Bouvetoya),-23.513493,91.272237,https://creativecommons.org/licenses/by/2.0/,https://s3.us-central-1.wasabisys.com/perenual/species_image/625_aglaonema_commutatum/og/24798632751_3a039ecbc6_b.jpg?X-Amz-Content-Sha256=UNSIGNED-PAYLOAD&X-Amz-Algorithm=AWS4-HMAC-SHA256&X-Amz-Credential=0MPGHU7CIPXNPMVWMXUW%2F20260126%2Fus-central-1%2Fs3%2Faws4_request&X-Amz-Date=20260126T151258Z&X-Amz-SignedHeaders=host&X-Amz-Expires=86400&X-Amz-Signature=e47539c9fb88ee5b6d249d8ae0ef5d680f515932640ab763775ba65eacf8c26a,https://s3.us-central-1.wasabisys.com/perenual/species_image/625_aglaonema_commutatum/thumbnail/24798632751_3a039ecbc6_b.jpg?X-Amz-Content-Sha256=UNSIGNED-PAYLOAD&X-Amz-Algorithm=AWS4-HMAC-SHA256&X-Amz-Credential=0MPGHU7CIPXNPMVWMXUW%2F20260126%2Fus-central-1%2Fs3%2Faws4_request&X-Amz-Date=20260126T151258Z&X-Amz-SignedHeaders=host&X-Amz-Expires=86400&X-Amz-Signature=10551cf476c6a21b1fff6fede9db538a2e591ee8bce68bd382d6ac86d3deaf42
33,35,Monstera Deliciosa,Monstera deliciosa,95.24260207741935,15.640651048171485,2026-01-27T16:12:13.776751,2026-01-27T14:46:12,Tara Quinn,tara.quinn@lnhm.co.uk,726-719-8082,New Shanechester,Tuvalu,-60.291449,-12.594265,https://creativecommons.org/publicdomain/zero/1.0/,https://s3.us-central-1.wasabisys.com/perenual/image/upgrade_access.jpg?X-Amz-Content-Sha256=UNSIGNED-PAYLOAD&X-Amz-Algorithm=AWS4-HMAC-SHA256&X-Amz-Credential=0MPGHU7CIPXNPMVWMXUW%2F20260126%2Fus-central-1%2Fs3%2Faws4_request&X-Amz-Date=20260126T151719Z&X-Amz-SignedHeaders=host&X-Amz-Expires=3600&X-Amz-Signature=1a50ec0df1139ecb7127c3ee9891742441b6b5c2d68a57c896674ead48df0255,https://s3.us-central-1.wasabisys.com/perenual/image/upgrade_access.jpg?X-Amz-Content-Sha256=UNSIGNED-PAYLOAD&X-Amz-Algorithm=AWS4-HMAC-SHA256&X-Amz-Credential=0MPGHU7CIPXNPMVWMXUW%2F20260126%2Fus-central-1%2Fs3%2Faws4_request&X-Amz-Date=20260126T151719Z&X-Amz-SignedHeaders=host&X-Amz-Expires=3600&X-Amz-Signature=1a50ec0df1139ecb7127c3ee9891742441b6b5c2d68a57c896674ead48df0255
34,36,Tacca Integrifolia,Tacca integrifolia,90.79195642275671,15.656092613087052,2026-01-27T16:12:14.895112,2026-01-27T13:26:21,Jacob Santos,jacob.santos@lnhm.co.uk,(462)367-2126,Port Jason,Singapore,50.7844445,177.490752,https://creativecommons.org/publicdomain/zero/1.0/,https://s3.us-central-1.wasabisys.com/perenual/image/upgrade_access.jpg?X-Amz-Content-Sha256=UNSIGNED-PAYLOAD&X-Amz-Algorithm=AWS4-HMAC-SHA256&X-Amz-Credential=0MPGHU7CIPXNPMVWMXUW%2F20260126%2Fus-central-1%2Fs3%2Faws4_request&X-Amz-Date=20260126T151302Z&X-Amz-SignedHeaders=host&X-Amz-Expires=3600&X-Amz-Signature=9055d9c76d02aaf72d33a55597bf1edf708515493d519f2afe3e53f8189ea854,https://s3.us-central-1.wasabisys.com/perenual/image/upgrade_access.jpg?X-Amz-Content-Sha256=UNSIGNED-PAYLOAD&X-Amz-Algorithm=AWS4-HMAC-SHA256&X-Amz-Credential=0MPGHU7CIPXNPMVWMXUW%2F20260126%2Fus-central-1%2Fs3%2Faws4_request&X-Amz-Date=20260126T151302Z&X-Amz-SignedHeaders=host&X-Amz-Expires=3600&X-Amz-Signature=9055d9c76d02aaf72d33a55597bf1edf708515493d519f2afe3e53f8189ea854
35,37,Psychopsis Papilio,,93.28441273289597,12.797568865880958,2026-01-27T16:12:15.531619,2026-01-27T14:12:50,Regina Payne,regina.payne@lnhm.co.uk,(400)246-5288x36436,New Diana,French Guiana,15.4607085,-46.580627,,,
36,38,Saintpaulia Ionantha,Saintpaulia ionantha,90.61967699709584,13.512123921605474,2026-01-27T16:12:15.873666,2026-01-27T13:30:46,Andrea Cook,andrea.cook@lnhm.co.uk,931-621-4485x063,Schmidtfurt,Cook Islands,-24.459428,-132.113354,https://creativecommons.org/publicdomain/zero/1.0/,https://s3.us-central-1.wasabisys.com/perenual/image/upgrade_access.jpg?X-Amz-Content-Sha256=UNSIGNED-PAYLOAD&X-Amz-Algorithm=AWS4-HMAC-SHA256&X-Amz-Credential=0MPGHU7CIPXNPMVWMXUW%2F20260126%2Fus-central-1%2Fs3%2Faws4_request&X-Amz-Date=20260126T151304Z&X-Amz-SignedHeaders=host&X-Amz-Expires=3600&X-Amz-Signature=ca98910553db1122ec73667b09f54542bbec6d0e96ca3f2cea94f51ef3d3d87a,https://s3.us-central-1.wasabisys.com/perenual/image/upgrade_access.jpg?X-Amz-Content-Sha256=UNSIGNED-PAYLOAD&X-Amz-Algorithm=AWS4-HMAC-SHA256&X-Amz-Credential=0MPGHU7CIPXNPMVWMXUW%2F20260126%2Fus-central-1%2Fs3%2Faws4_request&X-Amz-Date=20260126T151304Z&X-Amz-SignedHeaders=host&X-Amz-Expires=3600&X-Amz-Signature=ca98910553db1122ec73667b09f54542bbec6d0e96ca3f2cea94f51ef3d3d87a
37,39,Gaillardia,Gaillardia aestivalis,92.71014344878957,106.5219171247293,2026-01-27T16:12:17.305941,2026-01-27T14:01:48,Jimmy Rhodes,jimmy.rhodes@lnhm.co.uk,+1-477-347-7068,South Erik,Malta,39.852798,-22.673609,https://creativecommons.org/publicdomain/zero/1.0/,https://s3.us-central-1.wasabisys.com/perenual/image/upgrade_access.jpg?X-Amz-Content-Sha256=UNSIGNED-PAYLOAD&X-Amz-Algorithm=AWS4-HMAC-SHA256&X-Amz-Credential=0MPGHU7CIPXNPMVWMXUW%2F20260126%2Fus-central-1%2Fs3%2Faws4_request&X-Amz-Date=20260126T091034Z&X-Amz-SignedHeaders=host&X-Amz-Expires=3600&X-Amz-Signature=e12c6274f76dee25e8cf91680112a3bcd365dcf8580217c0605d68c721672713,https://s3.us-central-1.wasabisys.com/perenual/image/upgrade_access.jpg?X-Amz-Content-Sha256=UNSIGNED-PAYLOAD&X-Amz-Algorithm=AWS4-HMAC-SHA256&X-Amz-Credential=0MPGHU7CIPXNPMVWMXUW%2F20260126%2Fus-central-1%2Fs3%2Faws4_request&X-Amz-Date=20260126T091034Z&X-Amz-SignedHeaders=host&X-Amz-Expires=3600&X-Amz-Signature=e12c6274f76dee25e8cf91680112a3bcd365dcf8580217c0605d68c721672713
38,40,Amaryllis,Hippeastrum (group),94.24851578578024,14.361934463745504,2026-01-27T16:12:18.857408,2026-01-27T14:28:30,Briana Deleon,briana.deleon@lnhm.co.uk,605-468-2269x187,Greentown,Gibraltar,-19.2927425,-101.687203,https://creativecommons.org/publicdomain/zero/1.0/,https://s3.us-central-1.wasabisys.com/perenual/image/upgrade_access.jpg?X-Amz-Content-Sha256=UNSIGNED-PAYLOAD&X-Amz-Algorithm=AWS4-HMAC-SHA256&X-Amz-Credential=0MPGHU7CIPXNPMVWMXUW%2F20260126%2Fus-central-1%2Fs3%2Faws4_request&X-Amz-Date=20260126T152749Z&X-Amz-SignedHeaders=host&X-Amz-Expires=3600&X-Amz-Signature=5ec9469caa7ea6592b85595ad12c71411bfd6d33c9454ccc80f6ca21ef4c5d2a,https://s3.us-central-1.wasabisys.com/perenual/image/upgrade_access.jpg?X-Amz-Content-Sha256=UNSIGNED-PAYLOAD&X-Amz-Algorithm=AWS4-HMAC-SHA256&X-Amz-Credential=0MPGHU7CIPXNPMVWMXUW%2F20260126%2Fus-central-1%2Fs3%2Faws4_request&X-Amz-Date=20260126T152749Z&X-Amz-SignedHeaders=host&X-Amz-Expires=3600&X-Amz-Signature=5ec9469caa7ea6592b85595ad12c71411bfd6d33c9454ccc80f6ca21ef4c5d2a
39,41,Caladium Bicolor,Caladium bicolor,92.94727965047619,12.487390871025607,2026-01-27T16:12:19.356371,2026-01-27T14:08:54,Charles Hall,charles.hall@lnhm.co.uk,7126105026,Lake Christopherberg,Montenegro,24.7269645,-7.878364,https://creativecommons.org/licenses/by/2.0/,https://s3.us-central-1.wasabisys.com/perenual/species_image/1457_caladium_bicolor/og/25575875658_d782fb76f1_b.jpg?X-Amz-Content-Sha256=UNSIGNED-PAYLOAD&X-Amz-Algorithm=AWS4-HMAC-SHA256&X-Amz-Credential=0MPGHU7CIPXNPMVWMXUW%2F20260126%2Fus-central-1%2Fs3%2Faws4_request&X-Amz-Date=20260126T151308Z&X-Amz-SignedHeaders=host&X-Amz-Expires=86400&X-Amz-Signature=95c493015e6ee49c057fb1495e20311509cb6629aceefc40fbc581eea0528b76,https://s3.us-central-1.wasabisys.com/perenual/species_image/1457_caladium_bicolor/thumbnail/25575875658_d782fb76f1_b.jpg?X-Amz-Content-Sha256=UNSIGNED-PAYLOAD&X-Amz-Algorithm=AWS4-HMAC-SHA256&X-Amz-Credential=0MPGHU7CIPXNPMVWMXUW%2F20260126%2Fus-central-1%2Fs3%2Faws4_request&X-Amz-Date=20260126T151308Z&X-Amz-SignedHeaders=host&X-Amz-Expires=86400&X-Amz-Signature=84e99ef918a9538e44c06b2bff7844e93c5e67c3be8b8cf93349e4dbb8246ce8
40,42,Chlorophytum Comosum,Chlorophytum comosum 'Vittatum',95.68263978028169,13.10491445592104,2026-01-27T16:12:19.988638,2026-01-27T14:55:42,Dan Skinner,dan.skinner@lnhm.co.uk,361.810.9443,Davidfurt,Russian Federation,-79.460413,77.002058,https://creativecommons.org/licenses/by-sa/3.0/deed.en,https://s3.us-central-1.wasabisys.com/perenual/species_image/1847_chlorophytum_comosum_vittatum/og/2560px-Chlorophytum_comosum_27Vittatum27_kz02.jpg?X-Amz-Content-Sha256=UNSIGNED-PAYLOAD&X-Amz-Algorithm=AWS4-HMAC-SHA256&X-Amz-Credential=0MPGHU7CIPXNPMVWMXUW%2F20260126%2Fus-central-1%2Fs3%2Faws4_request&X-Amz-Date=20260126T152347Z&X-Amz-SignedHeaders=host&X-Amz-Expires=86400&X-Amz-Signature=8c5d548d110d4473eed51bd0ee462b5076a78a28db68e8a3932e7435e8a0f51f,https://s3.us-central-1.wasabisys.com/perenual/species_image/1847_chlorophytum_comosum_vittatum/thumbnail/2560px-Chlorophytum_comosum_27Vittatum27_kz02.jpg?X-Amz-Content-Sha256=UNSIGNED-PAYLOAD&X-Amz-Algorithm=AWS4-HMAC-SHA256&X-Amz-Credential=0MPGHU7CIPXNPMVWMXUW%2F20260126%2Fus-central-1%2Fs3%2Faws4_request&X-Amz-Date=20260126T152347Z&X-Amz-SignedHeaders=host&X-Amz-Expires=86400&X-Amz-Signature=5f9e25663bdda805c5f9ad40d8b4458fcc79ece4eb3d8c0eab6d6b5692ae283f
41,43,,,,,,,,,,,,,,,,
42,44,Araucaria Heterophylla,Araucaria heterophylla,92.40155741165587,14.832868453940973,2026-01-27T16:12:20.916442,2026-01-27T13:55:27,Ariel English,ariel.english@lnhm.co.uk,549-638-9648x56913,Davidshire,Niue,55.3241195,145.548092,https://creativecommons.org/licenses/by/2.0/,https://s3.us-central-1.wasabisys.com/perenual/species_image/917_araucaria_heterophylla/og/49833684212_2aff9d7b3c_b.jpg?X-Amz-Content-Sha256=UNSIGNED-PAYLOAD&X-Amz-Algorithm=AWS4-HMAC-SHA256&X-Amz-Credential=0MPGHU7CIPXNPMVWMXUW%2F20260126%2Fus-central-1%2Fs3%2Faws4_request&X-Amz-Date=20260126T151730Z&X-Amz-SignedHeaders=host&X-Amz-Expires=86400&X-Amz-Signature=acc5a0792b4ce6a6adb2e345c9b5bd34abd499a24209febf20fc7e4f2ca529e0,https://s3.us-central-1.wasabisys.com/perenual/species_image/917_araucaria_heterophylla/thumbnail/49833684212_2aff9d7b3c_b.jpg?X-Amz-Content-Sha256=UNSIGNED-PAYLOAD&X-Amz-Algorithm=AWS4-HMAC-SHA256&X-Amz-Credential=0MPGHU7CIPXNPMVWMXUW%2F20260126%2Fus-central-1%2Fs3%2Faws4_request&X-Amz-Date=20260126T151730Z&X-Amz-SignedHeaders=host&X-Amz-Expires=86400&X-Amz-Signature=efcebbc68c0f227473a8fc74e8b0338675f2d2617bb3510d3f1cd46302bc91bd
43,45,Begonia,Begonia 'Art Hodes',89.78960532041587,15.923574347368273,2026-01-27T16:12:21.597576,2026-01-27T13:12:19,Amber Ross,amber.ross@lnhm.co.uk,(768)410-3898x704,Davidchester,Iran,-60.5574125,-66.633609,,,
44,46,Medinilla Magnifica,Medinilla magnifica,92.45175402777778,14.613313480928383,2026-01-27T16:12:22.105655,2026-01-27T13:56:30,Casey Hayden,casey.hayden@lnhm.co.uk,001-318-520-0734x47289,New Lori,Malta,52.915803,-138.082562,https://creativecommons.org/publicdomain/zero/1.0/,https://s3.us-central-1.wasabisys.com/perenual/image/upgrade_access.jpg?X-Amz-Content-Sha256=UNSIGNED-PAYLOAD&X-Amz-Algorithm=AWS4-HMAC-SHA256&X-Amz-Credential=0MPGHU7CIPXNPMVWMXUW%2F20260126%2Fus-central-1%2Fs3%2Faws4_request&X-Amz-Date=20260126T152757Z&X-Amz-SignedHeaders=host&X-Amz-Expires=3600&X-Amz-Signature=5e538a065bb1b076c9b123baf0c40bc109ce6b8a628eb09b74b24db863c2ef25,https://s3.us-central-1.wasabisys.com/perenual/image/upgrade_access.jpg?X-Amz-Content-Sha256=UNSIGNED-PAYLOAD&X-Amz-Algorithm=AWS4-HMAC-SHA256&X-Amz-Credential=0MPGHU7CIPXNPMVWMXUW%2F20260126%2Fus-central-1%2Fs3%2Faws4_request&X-Amz-Date=20260126T152757Z&X-Amz-SignedHeaders=host&X-Amz-Expires=3600&X-Amz-Signature=5e538a065bb1b076c9b123baf0c40bc109ce6b8a628eb09b74b24db863c2ef25
45,47,Calliandra Haematocephala,Calliandra haematocephala,89.28956987571428,14.848012761136708,2026-01-27T16:12:23.301090,2026-01-27T14:07:26,Amy Yu,amy.yu@lnhm.co.uk,606-477-9194,South Michael,Wallis and Futuna,28.275200,-60.488715,https://creativecommons.org/licenses/by/2.0/,https://s3.us-central-1.wasabisys.com/perenual/species_image/1477_calliandra_haematocephala/og/52063600268_834ebc0538_b.jpg?X-Amz-Content-Sha256=UNSIGNED-PAYLOAD&X-Amz-Algorithm=AWS4-HMAC-SHA256&X-Amz-Credential=0MPGHU7CIPXNPMVWMXUW%2F20260126%2Fus-central-1%2Fs3%2Faws4_request&X-Amz-Date=20260126T151314Z&X-Amz-SignedHeaders=host&X-Amz-Expires=86400&X-Amz-Signature=a3fdd9103a282217df186a2fe7afcdf0b89328ad25449d50d7b9f7949a6dad46,https://s3.us-central-1.wasabisys.com/perenual/species_image/1477_calliandra_haematocephala/thumbnail/52063600268_834ebc0538_b.jpg?X-Amz-Content-Sha256=UNSIGNED-PAYLOAD&X-Amz-Algorithm=AWS4-HMAC-SHA256&X-Amz-Credential=0MPGHU7CIPXNPMVWMXUW%2F20260126%2Fus-central-1%2Fs3%2Faws4_request&X-Amz-Date=20260126T151314Z&X-Amz-SignedHeaders=host&X-Amz-Expires=86400&X-Amz-Signature=61d20bdb7fd8fe07de003b10301037d600480321fe47756890e617cc0f4942ad
46,48,Zamioculcas Zamiifolia,Zamioculcas zamiifolia,91.76072540150093,17.090850777783942,2026-01-27T16:12:24.066726,2026-01-27T13:46:01,Donna Baxter,donna.baxter@lnhm.co.uk,(899)415-2737x4627,New Laurafurt,Russian Federation,73.4670145,85.125030,https://creativecommons.org/publicdomain/zero/1.0/,https://s3.us-central-1.wasabisys.com/perenual/image/upgrade_access.jpg?X-Amz-Content-Sha256=UNSIGNED-PAYLOAD&X-Amz-Algorithm=AWS4-HMAC-SHA256&X-Amz-Credential=0MPGHU7CIPXNPMVWMXUW%2F20260126%2Fus-central-1%2Fs3%2Faws4_request&X-Amz-Date=20260126T151735Z&X-Amz-SignedHeaders=host&X-Amz-Expires=3600&X-Amz-Signature=eedafcc14c6a1f0708b8da4ffef576b6fc60952e6af08051b1facd7e3629a6b5,https://s3.us-central-1.wasabisys.com/perenual/image/upgrade_access.jpg?X-Amz-Content-Sha256=UNSIGNED-PAYLOAD&X-Amz-Algorithm=AWS4-HMAC-SHA256&X-Amz-Credential=0MPGHU7CIPXNPMVWMXUW%2F20260126%2Fus-central-1%2Fs3%2Faws4_request&X-Amz-Date=20260126T151735Z&X-Amz-SignedHeaders=host&X-Amz-Expires=3600&X-Amz-Signature=eedafcc14c6a1f0708b8da4ffef576b6fc60952e6af08051b1facd7e3629a6b5
47,49,Crassula Ovata,Crassula ovata,92.21990917378918,12.807179284555346,2026-01-27T16:12:24.435644,2026-01-27T13:55:52,Crystal Goodman,crystal.goodman@lnhm.co.uk,585-264-3806x2321,Amandahaven,Saint Helena,54.8268295,-101.575928,https://creativecommons.org/licenses/by/2.0/,https://s3.us-central-1.wasabisys.com/perenual/species_image/2193_crassula_ovata/og/33253726791_980c738a1e_b.jpg?X-Amz-Content-Sha256=UNSIGNED-PAYLOAD&X-Amz-Algorithm=AWS4-HMAC-SHA256&X-Amz-Credential=0MPGHU7CIPXNPMVWMXUW%2F20260126%2Fus-central-1%2Fs3%2Faws4_request&X-Amz-Date=20260126T151316Z&X-Amz-SignedHeaders=host&X-Amz-Expires=86400&X-Amz-Signature=b8f309810e027f4630cbd4e1a98b38ada1e199a2aa3c2cc4837ffc72d33fdc2d,https://s3.us-central-1.wasabisys.com/perenual/species_image/2193_crassula_ovata/thumbnail/33253726791_980c738a1e_b.jpg?X-Amz-Content-Sha256=UNSIGNED-PAYLOAD&X-Amz-Algorithm=AWS4-HMAC-SHA256&X-Amz-Credential=0MPGHU7CIPXNPMVWMXUW%2F20260126%2Fus-central-1%2Fs3%2Faws4_request&X-Amz-Date=20260126T151316Z&X-Amz-SignedHeaders=host&X-Amz-Expires=86400&X-Amz-Signature=66aaebd5366a49b4d9eb46ab78055733ff46e8f6eba13ac7bd165d72dcaf23d2
48,50,Epipremnum Aureum,Epipremnum aureum,95.40139724712644,14.616181356709342,2026-01-27T16:12:24.941279,2026-01-27T14:52:24,Gina Meyer,gina.meyer@lnhm.co.uk,+1-414-616-0457x430,North Joshuatown,Montenegro,-73.7987385,-22.615264,https://creativecommons.org/licenses/by-sa/3.0/deed.en,https://s3.us-central-1.wasabisys.com/perenual/species_image/2773_epipremnum_aureum/og/2560px-Epipremnum_aureum_31082012.jpg?X-Amz-Content-Sha256=UNSIGNED-PAYLOAD&X-Amz-Algorithm=AWS4-HMAC-SHA256&X-Amz-Credential=0MPGHU7CIPXNPMVWMXUW%2F20260126%2Fus-central-1%2Fs3%2Faws4_request&X-Amz-Date=20260126T091546Z&X-Amz-SignedHeaders=host&X-Amz-Expires=86400&X-Amz-Signature=785fc06acf751b96b6ac6f5f98301cbee2d211eb453803b7a5cb7b4cc1f188cd,https://s3.us-central-1.wasabisys.com/perenual/species_image/2773_epipremnum_aureum/thumbnail/2560px-Epipremnum_aureum_31082012.jpg?X-Amz-Content-Sha256=UNSIGNED-PAYLOAD&X-Amz-Algorithm=AWS4-HMAC-SHA256&X-Amz-Credential=0MPGHU7CIPXNPMVWMXUW%2F20260126%2Fus-central-1%2Fs3%2Faws4_request&X-Amz-Date=20260126T091546Z&X-Amz-SignedHeaders=host&X-Amz-Expires=86400&X-Amz-Signature=b85c3af4d507cae46b7f4bf32396dc8f247c6d98f104903733e26346cadd87af
